timestamp,open,high,low,close,volume
2025-04-24 18:00:00,93011.28,93463.67,92999.07,93380.0,426.75122
2025-04-24 19:00:00,93380.0,93649.56,93189.49,93556.12,492.11945
2025-04-24 20:00:00,93556.12,93666.0,93299.14,93390.66,646.10226
2025-04-24 21:00:00,93391.3,93563.37,93024.0,93353.72,332.02854
2025-04-24 22:00:00,93353.73,93582.73,93288.0,93427.98,355.09613
2025-04-24 23:00:00,93427.98,94005.0,93373.33,93980.47,1073.96811
2025-04-25 00:00:00,93980.47,94006.0,93520.0,93896.28,1400.33571
2025-04-25 01:00:00,93896.27,94444.0,93602.83,93678.13,1317.12816
2025-04-25 02:00:00,93678.14,93897.59,92892.0,92992.33,1069.14984
2025-04-25 03:00:00,92992.33,93387.09,92855.96,93311.83,705.52433
2025-04-25 04:00:00,93311.83,93498.0,93047.0,93058.58,668.38248
2025-04-25 05:00:00,93058.58,93419.45,93013.56,93206.05,582.72597
2025-04-25 06:00:00,93206.06,93612.57,93199.99,93538.07,522.40754
2025-04-25 07:00:00,93538.08,93860.0,93497.64,93772.26,1690.35511
2025-04-25 08:00:00,93772.27,93888.0,93624.63,93680.01,743.12893
2025-04-25 09:00:00,93680.01,93873.41,93539.82,93816.42,500.01367
2025-04-25 10:00:00,93816.42,93976.42,93581.39,93634.02,617.16074
2025-04-25 11:00:00,93634.02,94660.0,93634.02,94635.67,1638.14538
2025-04-25 12:00:00,94635.67,94990.0,94270.81,94417.29,2501.32388
2025-04-25 13:00:00,94417.29,94688.88,93929.41,94400.01,1246.62972
2025-04-25 14:00:00,94400.01,95758.04,94391.3,95368.0,5315.61891
2025-04-25 15:00:00,95368.0,95683.31,94804.82,95061.22,1808.96782
2025-04-25 16:00:00,95061.21,95381.52,94726.86,95223.81,827.35336
2025-04-25 17:00:00,95223.82,95554.99,94370.35,94527.79,1213.55237
2025-04-25 18:00:00,94527.79,95228.28,94527.79,94970.15,741.12878
2025-04-25 19:00:00,94970.16,95318.26,94879.05,95291.0,754.0757
2025-04-25 20:00:00,95291.0,95345.45,94777.0,94869.57,537.75825
2025-04-25 21:00:00,94869.57,95034.36,94441.61,94608.69,426.67149
2025-04-25 22:00:00,94608.69,94968.94,94587.21,94850.0,250.01053
2025-04-25 23:00:00,94850.01,94973.4,94609.25,94638.68,423.11781
2025-04-26 00:00:00,94638.68,94935.97,94527.84,94880.69,1397.22066
2025-04-26 01:00:00,94880.68,95199.0,94751.12,95013.14,507.35698
2025-04-26 02:00:00,95013.15,95157.73,94699.11,95000.0,426.17384
2025-04-26 03:00:00,95000.0,95059.67,94710.0,94739.99,211.9504
2025-04-26 04:00:00,94739.99,94830.93,94533.92,94536.99,497.93432
2025-04-26 05:00:00,94537.0,94706.6,94380.72,94626.47,325.1239
2025-04-26 06:00:00,94626.47,94743.88,94583.91,94630.42,283.09837
2025-04-26 07:00:00,94630.42,94794.17,94570.31,94570.31,303.9016
2025-04-26 08:00:00,94570.31,94733.54,94268.2,94318.04,506.57636
2025-04-26 09:00:00,94318.03,94423.77,94120.5,94277.65,536.19777
2025-04-26 10:00:00,94277.65,94394.44,94151.07,94209.03,270.11471
2025-04-26 11:00:00,94209.03,94250.67,93990.6,94144.06,434.59897
2025-04-26 12:00:00,94144.07,94320.0,94113.23,94245.9,347.1869
2025-04-26 13:00:00,94245.91,94300.95,93870.69,94149.2,551.38869
2025-04-26 14:00:00,94149.19,94271.38,93920.0,94240.01,340.90576
2025-04-26 15:00:00,94240.01,94394.0,94184.23,94373.24,399.34843
2025-04-26 16:00:00,94373.24,94373.24,94041.0,94286.92,267.47055
2025-04-26 17:00:00,94286.92,94378.87,94222.33,94316.79,164.43394
2025-04-26 18:00:00,94316.79,94372.0,94123.5,94154.71,229.99296
2025-04-26 19:00:00,94154.71,94334.81,94095.23,94307.5,170.35998
2025-04-26 20:00:00,94307.51,94380.96,94087.0,94087.0,180.72695
2025-04-26 21:00:00,94087.01,94360.0,94087.0,94355.38,263.61098
2025-04-26 22:00:00,94355.39,94800.0,94355.39,94781.86,481.03012
2025-04-26 23:00:00,94781.86,94888.0,94555.0,94628.0,318.36561
2025-04-27 00:00:00,94628.0,95001.58,94576.74,94870.01,728.73565
2025-04-27 01:00:00,94870.01,95369.0,94041.6,94117.6,2400.13887
2025-04-27 02:00:00,94117.6,94469.5,94050.15,94345.86,367.15753
2025-04-27 03:00:00,94345.86,94465.0,94130.71,94156.21,429.84119
2025-04-27 04:00:00,94156.22,94288.65,94013.0,94014.17,448.93525
2025-04-27 05:00:00,94014.16,94173.92,93655.0,93923.88,744.11442
2025-04-27 06:00:00,93923.89,94100.0,93880.0,94015.91,281.36839
2025-04-27 07:00:00,94015.91,94142.52,93930.52,94065.98,384.30276
2025-04-27 08:00:00,94065.99,94331.85,94020.0,94202.51,533.25085
2025-04-27 09:00:00,94202.5,94229.21,94104.89,94159.87,229.44444
2025-04-27 10:00:00,94159.87,94180.0,93940.0,94053.6,244.18725
2025-04-27 11:00:00,94053.59,94082.13,93883.81,93920.01,336.14289
2025-04-27 12:00:00,93920.0,93984.42,93682.93,93734.86,452.76244
2025-04-27 13:00:00,93734.86,94086.96,93602.58,94060.09,453.7652
2025-04-27 14:00:00,94060.09,94173.91,93928.13,93985.9,295.9622
2025-04-27 15:00:00,93985.89,94004.82,93787.93,93901.08,230.15582
2025-04-27 16:00:00,93901.09,93927.5,93727.08,93881.82,315.21521
2025-04-27 17:00:00,93881.82,94158.01,93793.12,94043.78,383.55903
2025-04-27 18:00:00,94043.79,94415.54,93991.8,94287.29,460.98794
2025-04-27 19:00:00,94287.28,94434.79,94200.0,94433.5,194.86179
2025-04-27 20:00:00,94433.49,94433.5,94260.86,94260.86,153.91584
2025-04-27 21:00:00,94260.87,94545.45,94160.49,94328.29,242.97815
2025-04-27 22:00:00,94328.3,94335.84,93641.7,93939.57,563.30862
2025-04-27 23:00:00,93939.57,93939.57,93660.0,93749.3,287.74927
2025-04-28 00:00:00,93749.29,93798.71,93287.98,93419.9,819.66814
2025-04-28 01:00:00,93419.9,93598.2,92800.01,92949.99,1271.62188
2025-04-28 02:00:00,92950.0,93637.5,92890.06,93621.64,932.01032
2025-04-28 03:00:00,93621.64,93987.3,93470.01,93849.93,805.95446
2025-04-28 04:00:00,93849.93,94191.7,93849.93,94036.48,1136.67686
2025-04-28 05:00:00,94036.47,94333.0,93962.8,94224.28,693.5397
2025-04-28 06:00:00,94224.28,94670.46,94224.27,94583.99,667.50641
2025-04-28 07:00:00,94584.0,94800.0,94487.09,94692.49,675.73206
2025-04-28 08:00:00,94692.49,94821.9,94591.61,94706.39,517.2708
2025-04-28 09:00:00,94706.4,94887.99,94662.28,94739.07,636.29638
2025-04-28 10:00:00,94739.07,95223.78,94339.48,95060.77,1669.19469
2025-04-28 11:00:00,95060.78,95550.0,95002.84,95319.99,1585.05499
2025-04-28 12:00:00,95319.99,95630.0,95056.0,95350.69,2035.1513
2025-04-28 13:00:00,95350.69,95518.5,93926.81,93965.7,2653.72474
2025-04-28 14:00:00,93965.7,94900.0,93850.0,94417.73,1173.25656
2025-04-28 15:00:00,94417.73,94523.81,93583.9,93833.51,1012.72231
2025-04-28 16:00:00,93833.5,94032.18,93444.0,93734.04,785.42906
2025-04-28 17:00:00,93734.04,94110.0,93492.23,94100.39,398.76014
2025-04-28 18:00:00,94100.39,94222.0,93787.61,94175.89,362.03308
2025-04-28 19:00:00,94175.89,94920.0,94160.61,94787.2,738.28237
2025-04-28 20:00:00,94786.73,94808.8,94373.35,94469.67,278.98826
2025-04-28 21:00:00,94469.66,94550.0,94305.95,94549.97,195.96012
2025-04-28 22:00:00,94549.97,94879.08,94480.0,94809.52,344.51726
2025-04-28 23:00:00,94809.52,95180.0,94792.52,95011.18,768.18162
2025-04-29 00:00:00,95011.18,95233.48,94829.3,95065.27,403.75166
2025-04-29 01:00:00,95065.27,95461.53,94735.78,94857.49,993.29082
2025-04-29 02:00:00,94857.49,94956.18,94504.81,94615.68,582.54028
2025-04-29 03:00:00,94615.69,94809.53,94443.7,94658.76,375.84575
2025-04-29 04:00:00,94658.75,94872.0,94290.07,94353.32,709.69675
2025-04-29 05:00:00,94353.32,94417.97,94200.0,94276.49,1647.45956
2025-04-29 06:00:00,94276.49,94811.29,94258.41,94780.0,377.80111
2025-04-29 07:00:00,94780.01,94960.0,94704.81,94917.61,361.94456
2025-04-29 08:00:00,94917.61,95093.55,94812.86,95030.0,502.20502
2025-04-29 09:00:00,95030.01,95094.25,94787.15,94989.28,366.65829
2025-04-29 10:00:00,94989.28,95042.61,94743.01,94817.32,592.08053
2025-04-29 11:00:00,94817.32,95285.71,94810.63,95129.74,909.96441
2025-04-29 12:00:00,95129.74,95164.35,94779.33,94813.14,647.8607
2025-04-29 13:00:00,94813.14,95033.7,94590.48,94800.01,835.05
2025-04-29 14:00:00,94800.0,95300.0,94531.85,95040.8,960.27981
2025-04-29 15:00:00,95040.81,95129.2,94728.78,94843.1,429.05785
2025-04-29 16:00:00,94843.1,95459.99,94800.01,94954.74,1089.04376
2025-04-29 17:00:00,94954.74,95368.0,94658.99,95231.37,871.36794
2025-04-29 18:00:00,95231.37,95438.0,95060.0,95391.29,703.13824
2025-04-29 19:00:00,95391.29,95448.84,95224.93,95300.79,428.02418
2025-04-29 20:00:00,95300.79,95408.0,94820.0,94839.32,361.89077
2025-04-29 21:00:00,94839.31,94968.0,94350.0,94735.66,783.01509
2025-04-29 22:00:00,94735.65,94735.65,94000.01,94163.67,1003.3656
2025-04-29 23:00:00,94163.67,94300.0,93742.54,94256.82,1020.00752
2025-04-30 00:00:00,94256.82,94631.23,94136.48,94546.79,519.07237
2025-04-30 01:00:00,94546.79,94604.7,94287.71,94527.73,309.08102
2025-04-30 02:00:00,94527.73,94785.0,94460.0,94641.99,360.20236
2025-04-30 03:00:00,94641.99,95111.01,94496.87,95032.84,576.60185
2025-04-30 04:00:00,95032.84,95180.0,94869.56,95054.75,666.1487
2025-04-30 05:00:00,95054.76,95113.2,94869.57,94894.0,422.26665
2025-04-30 06:00:00,94894.0,94970.31,94745.4,94751.99,295.17447
2025-04-30 07:00:00,94752.0,94869.49,94500.0,94620.99,464.06662
2025-04-30 08:00:00,94620.99,94809.52,94527.58,94718.18,332.70984
2025-04-30 09:00:00,94718.19,95043.23,94667.69,94970.01,391.75434
2025-04-30 10:00:00,94970.01,95022.49,94852.67,94946.52,316.93061
2025-04-30 11:00:00,94946.52,95228.45,94928.44,95176.66,619.85078
2025-04-30 12:00:00,95176.66,95214.9,94349.29,94555.88,1664.41996
2025-04-30 13:00:00,94555.89,94649.5,93026.0,93032.58,2712.01725
2025-04-30 14:00:00,93032.58,94367.7,92910.0,93705.04,3158.62006
2025-04-30 15:00:00,93705.04,94112.18,93659.24,94004.63,722.10473
2025-04-30 16:00:00,94004.63,94189.58,93528.71,93939.98,690.56111
2025-04-30 17:00:00,93939.98,94267.14,93752.15,94100.39,402.85742
2025-04-30 18:00:00,94100.39,94500.0,94009.12,94078.24,510.06539
2025-04-30 19:00:00,94078.23,94266.36,93757.63,94152.01,432.10412
2025-04-30 20:00:00,94152.01,94739.14,94109.46,94555.99,896.76548
2025-04-30 21:00:00,94556.0,94784.1,94382.35,94419.0,330.16484
2025-04-30 22:00:00,94418.99,94720.0,94059.69,94114.05,512.06584
2025-04-30 23:00:00,94114.05,94333.34,94005.0,94172.0,355.66929
2025-05-01 00:00:00,94172.0,94405.47,94130.43,94405.47,326.248
2025-05-01 01:00:00,94405.46,94710.0,94398.51,94636.51,502.12633
2025-05-01 02:00:00,94636.5,94972.5,94620.0,94867.46,891.42578
2025-05-01 03:00:00,94867.46,95040.3,94688.75,94782.6,1157.63769
2025-05-01 04:00:00,94782.6,94934.99,94714.38,94860.51,258.99247
2025-05-01 05:00:00,94860.51,95178.11,94840.38,95147.96,677.05143
2025-05-01 06:00:00,95147.97,95180.0,94806.23,94888.85,467.41491
2025-05-01 07:00:00,94888.85,95130.01,94800.0,95025.84,476.89004
2025-05-01 08:00:00,95025.84,95210.16,94913.04,95210.16,423.56462
2025-05-01 09:00:00,95210.16,95817.78,95140.18,95520.99,1159.84689
2025-05-01 10:00:00,95520.99,96396.31,95520.98,96169.01,1865.7971
2025-05-01 11:00:00,96169.01,96250.4,95836.57,96180.01,787.87727
2025-05-01 12:00:00,96180.01,96463.18,96116.14,96373.2,822.173
2025-05-01 13:00:00,96373.2,96734.89,95769.66,95809.52,1740.4931
2025-05-01 14:00:00,95809.52,96908.28,95809.52,96827.99,2767.87823
2025-05-01 15:00:00,96828.0,97424.02,96751.3,96854.3,2068.94782
2025-05-01 16:00:00,96854.31,97367.26,96854.3,97007.14,960.27808
2025-05-01 17:00:00,97007.15,97216.99,96514.24,96794.17,775.85599
2025-05-01 18:00:00,96794.18,96975.3,96425.22,96869.55,745.78922
2025-05-01 19:00:00,96869.56,96882.72,96424.44,96523.26,718.87913
2025-05-01 20:00:00,96523.26,96885.77,96312.24,96407.9,818.39622
2025-05-01 21:00:00,96407.91,96774.73,96390.26,96464.55,292.34865
2025-05-01 22:00:00,96464.56,96643.08,96369.31,96372.33,304.90158
2025-05-01 23:00:00,96372.34,96500.0,96184.19,96489.91,369.63988
2025-05-02 00:00:00,96489.9,97052.48,96466.21,97042.97,683.12997
2025-05-02 01:00:00,97042.96,97179.97,96772.0,96970.4,566.90548
2025-05-02 02:00:00,96970.4,97040.0,96722.41,96952.58,449.57315
2025-05-02 03:00:00,96952.59,97233.1,96952.58,97102.32,434.57258
2025-05-02 04:00:00,97102.32,97309.78,96868.35,96939.86,579.01103
2025-05-02 05:00:00,96939.85,97010.55,96631.74,96707.54,534.68119
2025-05-02 06:00:00,96707.54,96892.34,96562.98,96715.0,383.92171
2025-05-02 07:00:00,96715.0,96729.2,96350.0,96350.0,935.27663
2025-05-02 08:00:00,96350.01,96775.77,96350.0,96636.2,508.11116
2025-05-02 09:00:00,96636.2,96788.0,96460.73,96596.68,417.01278
2025-05-02 10:00:00,96596.68,96927.92,96596.68,96888.0,367.39386
2025-05-02 11:00:00,96888.0,97100.0,96886.47,96928.97,567.753
2025-05-02 12:00:00,96928.97,97182.54,96650.94,97182.53,893.40406
2025-05-02 13:00:00,97182.54,97290.29,96672.46,96772.08,1075.20432
2025-05-02 14:00:00,96772.08,97895.68,96708.98,97748.4,2123.6506
2025-05-02 15:00:00,97748.41,97891.19,97063.0,97330.19,954.92275
2025-05-02 16:00:00,97330.19,97783.02,97325.51,97348.69,848.97951
2025-05-02 17:00:00,97348.69,97433.58,97053.46,97402.55,507.605
2025-05-02 18:00:00,97402.55,97619.0,97155.68,97171.0,376.68171
2025-05-02 19:00:00,97171.0,97182.54,96769.84,96924.23,599.44153
2025-05-02 20:00:00,96924.23,97136.0,96844.05,97022.31,243.50865
2025-05-02 21:00:00,97022.31,97038.79,96561.57,96726.08,258.87096
2025-05-02 22:00:00,96726.07,96792.46,96579.36,96649.01,352.15656
2025-05-02 23:00:00,96649.01,96896.83,96594.33,96887.14,243.97992
2025-05-03 00:00:00,96887.13,96935.67,96612.87,96700.45,559.13625
2025-05-03 01:00:00,96700.46,96722.4,96435.16,96493.94,462.40221
2025-05-03 02:00:00,96493.93,96699.98,96487.07,96533.51,275.57053
2025-05-03 03:00:00,96533.5,96535.96,96300.02,96337.5,761.61563
2025-05-03 04:00:00,96337.5,96589.2,96307.88,96519.05,252.68819
2025-05-03 05:00:00,96519.04,96593.0,96407.97,96417.14,306.91209
2025-05-03 06:00:00,96417.15,96417.15,96132.67,96183.5,539.08747
2025-05-03 07:00:00,96183.5,96391.7,96157.1,96322.68,410.18653
2025-05-03 08:00:00,96322.68,96421.91,96150.0,96281.0,599.65552
2025-05-03 09:00:00,96281.0,96396.23,96173.0,96254.01,318.86883
2025-05-03 10:00:00,96254.02,96254.02,95852.29,95896.5,1141.24134
2025-05-03 11:00:00,95896.49,96083.53,95865.0,95942.02,562.672
2025-05-03 12:00:00,95942.01,96163.81,95880.65,96120.42,608.21922
2025-05-03 13:00:00,96120.43,96330.0,96106.53,96330.0,346.99789
2025-05-03 14:00:00,96329.99,96459.67,96292.63,96380.95,304.05512
2025-05-03 15:00:00,96380.96,96509.44,96325.65,96418.68,188.69143
2025-05-03 16:00:00,96418.68,96428.33,96080.59,96215.41,306.55723
2025-05-03 17:00:00,96215.4,96215.4,95869.68,96191.56,350.19773
2025-05-03 18:00:00,96191.57,96271.5,96100.0,96146.99,126.74718
2025-05-03 19:00:00,96146.98,96357.15,96125.15,96354.34,116.44402
2025-05-03 20:00:00,96354.34,96388.89,96290.69,96341.29,104.27579
2025-05-03 21:00:00,96341.29,96441.49,96238.09,96266.17,190.04681
2025-05-03 22:00:00,96266.17,96369.37,96166.67,96170.18,201.41291
2025-05-03 23:00:00,96170.19,96173.53,95753.01,95856.42,689.66646
2025-05-04 00:00:00,95856.42,96042.92,95772.4,95880.95,325.63422
2025-05-04 01:00:00,95880.95,96185.67,95588.0,96099.94,601.08361
2025-05-04 02:00:00,96099.94,96304.48,95804.68,95892.28,417.46141
2025-05-04 03:00:00,95892.28,95898.94,95667.94,95722.23,179.1173
2025-05-04 04:00:00,95722.22,95939.33,95722.22,95725.52,172.37453
2025-05-04 05:00:00,95725.52,96134.93,95692.7,96042.72,424.92585
2025-05-04 06:00:00,96042.71,96142.86,95866.06,95905.74,692.73061
2025-05-04 07:00:00,95905.75,96082.8,95808.8,95879.99,490.02708
2025-05-04 08:00:00,95879.99,95923.54,95423.16,95647.27,527.23215
2025-05-04 09:00:00,95647.27,95689.65,95440.82,95485.01,310.07736
2025-05-04 10:00:00,95485.01,95525.67,95286.78,95400.47,773.39161
2025-05-04 11:00:00,95400.47,95550.0,95360.0,95423.2,536.26108
2025-05-04 12:00:00,95423.19,95594.58,95417.15,95462.24,477.89798
2025-05-04 13:00:00,95462.24,95595.24,95209.07,95369.37,674.42935
2025-05-04 14:00:00,95369.38,95647.8,95313.7,95611.07,530.30708
2025-05-04 15:00:00,95611.0,95690.48,95424.5,95467.6,299.31438
2025-05-04 16:00:00,95467.6,95568.0,95300.0,95341.56,272.45717
2025-05-04 17:00:00,95341.57,95481.62,95239.33,95410.08,233.31093
2025-05-04 18:00:00,95410.08,95493.05,95364.0,95389.07,159.81219
2025-05-04 19:00:00,95389.07,95640.98,95348.3,95584.07,198.19245
2025-05-04 20:00:00,95584.07,95735.0,95582.25,95719.99,158.45621
2025-05-04 21:00:00,95719.99,95758.08,95630.0,95675.99,158.95366
2025-05-04 22:00:00,95676.0,95690.48,94724.57,95015.82,1114.48671
2025-05-04 23:00:00,95015.82,95037.4,94151.38,94277.62,1308.4485
2025-05-05 00:00:00,94277.61,94808.4,94200.0,94724.11,932.79975
2025-05-05 01:00:00,94724.12,94754.97,93711.08,93929.0,1247.1533
2025-05-05 02:00:00,93929.0,94400.2,93514.1,94236.67,1251.31986
2025-05-05 03:00:00,94236.66,94299.25,94016.6,94031.47,708.86733
2025-05-05 04:00:00,94031.47,94443.69,94020.66,94409.66,527.17304
2025-05-05 05:00:00,94409.66,94757.62,94228.57,94732.77,548.84952
2025-05-05 06:00:00,94732.77,94774.11,94573.59,94761.13,572.76764
2025-05-05 07:00:00,94761.14,94825.46,94528.36,94761.91,686.95355
2025-05-05 08:00:00,94761.91,94798.01,94489.93,94559.19,741.14212
2025-05-05 09:00:00,94559.2,94648.47,94467.65,94550.63,422.95101
2025-05-05 10:00:00,94550.62,94558.0,94047.79,94121.89,686.41681
2025-05-05 11:00:00,94121.88,94282.48,93888.0,94038.18,690.58723
2025-05-05 12:00:00,94038.19,94346.59,93908.3,94333.33,505.90389
2025-05-05 13:00:00,94333.33,94413.92,93635.78,94226.38,1740.41182
2025-05-05 14:00:00,94226.38,94531.74,93730.43,93879.37,1219.57947
2025-05-05 15:00:00,93879.37,93977.13,93613.66,93770.31,718.82999
2025-05-05 16:00:00,93770.32,94280.0,93759.63,94206.31,673.96047
2025-05-05 17:00:00,94206.31,94625.0,94060.59,94500.0,808.59817
2025-05-05 18:00:00,94500.01,94900.0,94443.56,94730.39,448.44051
2025-05-05 19:00:00,94730.39,94900.0,94289.92,94347.17,408.27957
2025-05-05 20:00:00,94347.16,94365.19,93876.0,94242.02,332.90812
2025-05-05 21:00:00,94242.01,94831.75,94242.01,94719.82,385.77053
2025-05-05 22:00:00,94719.83,95199.0,94719.82,95049.48,601.63917
2025-05-05 23:00:00,95049.48,95129.76,94724.52,94733.68,389.87902
2025-05-06 00:00:00,94733.68,94779.99,94428.58,94598.89,365.15387
2025-05-06 01:00:00,94598.89,94926.99,94312.59,94312.6,370.75779
2025-05-06 02:00:00,94312.59,94400.0,94012.78,94334.99,407.51157
2025-05-06 03:00:00,94334.99,94512.33,94233.96,94454.01,443.01047
2025-05-06 04:00:00,94454.01,94583.82,94350.83,94574.57,265.48199
2025-05-06 05:00:00,94574.57,94603.03,94308.63,94345.56,415.59566
2025-05-06 06:00:00,94345.57,94498.12,94335.11,94498.11,166.28019
2025-05-06 07:00:00,94498.12,94638.01,94348.57,94400.99,463.16874
2025-05-06 08:00:00,94400.98,94400.99,94003.0,94375.9,750.85954
2025-05-06 09:00:00,94375.89,94375.9,94113.02,94211.96,394.38809
2025-05-06 10:00:00,94211.96,94329.63,93861.93,93942.83,952.04682
2025-05-06 11:00:00,93942.83,94066.55,93720.63,93812.54,569.28808
2025-05-06 12:00:00,93812.53,94040.0,93761.97,93935.99,892.19632
2025-05-06 13:00:00,93936.0,94019.86,93377.0,93616.92,1216.74306
2025-05-06 14:00:00,93616.91,94705.17,93612.01,94147.02,1158.07394
2025-05-06 15:00:00,94147.01,94733.38,94080.09,94558.95,655.62537
2025-05-06 16:00:00,94558.94,94850.0,94216.0,94241.01,702.36173
2025-05-06 17:00:00,94241.01,94856.53,94232.05,94535.93,527.86999
2025-05-06 18:00:00,94535.93,95088.0,94504.84,95067.36,617.6658
2025-05-06 19:00:00,95067.36,95157.0,94923.49,94963.5,488.90954
2025-05-06 20:00:00,94963.5,95020.0,94632.5,94682.23,334.30989
2025-05-06 21:00:00,94682.23,94800.0,94452.75,94688.99,258.69487
2025-05-06 22:00:00,94688.99,96293.88,94684.77,96259.94,2145.62831
2025-05-06 23:00:00,96259.94,96920.65,96102.72,96834.02,1561.0235
2025-05-07 00:00:00,96834.02,97499.02,96729.67,97415.65,1840.35542
2025-05-07 01:00:00,97415.65,97732.0,97192.93,97242.85,1127.65564
2025-05-07 02:00:00,97242.86,97276.0,96464.0,96619.05,1178.21775
2025-05-07 03:00:00,96619.04,96663.51,96208.1,96506.9,1034.18372
2025-05-07 04:00:00,96506.9,96714.28,96420.64,96576.0,447.19739
2025-05-07 05:00:00,96575.99,96576.0,96310.89,96380.96,489.09676
2025-05-07 06:00:00,96380.96,96667.55,96361.75,96557.31,753.61062
2025-05-07 07:00:00,96557.31,97013.53,96557.3,96994.82,481.05145
2025-05-07 08:00:00,96994.82,97083.47,96861.57,97024.45,405.22829
2025-05-07 09:00:00,97024.46,97059.7,96876.0,96978.4,341.26007
2025-05-07 10:00:00,96978.4,97111.0,96833.33,97030.01,296.1224
2025-05-07 11:00:00,97030.01,97070.06,96929.17,97047.43,256.14738
2025-05-07 12:00:00,97047.43,97200.0,96870.35,96966.08,531.66176
2025-05-07 13:00:00,96966.07,97316.03,96713.14,97022.01,829.46434
2025-05-07 14:00:00,97022.02,97478.27,96806.0,96938.0,854.22653
2025-05-07 15:00:00,96937.99,97152.18,96764.14,96923.91,576.23163
2025-05-07 16:00:00,96923.91,96961.04,96510.0,96857.15,620.55485
2025-05-07 17:00:00,96857.15,96887.48,96190.47,96307.54,513.55369
2025-05-07 18:00:00,96307.54,96880.43,95893.14,96593.59,1492.53634
2025-05-07 19:00:00,96593.58,96625.0,95784.61,96180.01,979.2255
2025-05-07 20:00:00,96180.0,96766.8,96076.92,96766.8,355.48999
2025-05-07 21:00:00,96766.8,97322.0,96651.96,97120.63,495.1239
2025-05-07 22:00:00,97120.63,97305.21,97020.54,97262.88,392.38837
2025-05-07 23:00:00,97262.89,97390.0,96978.04,97030.5,354.25475
2025-05-08 00:00:00,97030.5,97782.0,96876.29,97770.01,917.12453
2025-05-08 01:00:00,97770.0,98366.0,97600.0,97816.21,2174.72361
2025-05-08 02:00:00,97816.22,98847.0,97816.21,98681.99,1852.79702
2025-05-08 03:00:00,98681.99,99222.22,98532.02,99152.79,1465.38383
2025-05-08 04:00:00,99152.79,99419.0,98888.0,98954.32,1716.7366
2025-05-08 05:00:00,98954.32,99120.0,98738.09,98740.61,1207.65821
2025-05-08 06:00:00,98740.6,99040.0,98723.25,99039.99,471.2223
2025-05-08 07:00:00,99040.0,99372.96,99036.59,99252.34,733.68958
2025-05-08 08:00:00,99252.34,99800.0,99209.04,99666.66,1529.80222
2025-05-08 09:00:00,99666.67,99800.01,99538.36,99790.97,679.55205
2025-05-08 10:00:00,99790.97,99888.0,99682.97,99780.67,701.13127
2025-05-08 11:00:00,99780.66,99780.66,99406.54,99409.14,792.18929
2025-05-08 12:00:00,99409.15,99544.98,99250.37,99287.97,744.57375
2025-05-08 13:00:00,99287.97,99633.86,99090.66,99290.03,803.7858
2025-05-08 14:00:00,99290.04,99822.6,99153.73,99371.95,1220.52424
2025-05-08 15:00:00,99371.95,101525.03,99316.0,100758.08,5194.54792
2025-05-08 16:00:00,100758.08,101355.31,100596.0,101276.49,1685.15995
2025-05-08 17:00:00,101276.49,101707.02,100779.26,101027.13,1661.60189
2025-05-08 18:00:00,101027.14,101485.2,100970.0,101365.38,668.29815
2025-05-08 19:00:00,101365.39,101365.39,100972.0,101299.99,1084.70087
2025-05-08 20:00:00,101300.0,102851.0,101285.71,102607.8,2318.75045
2025-05-08 21:00:00,102607.79,104145.76,102114.66,102828.03,3388.69792
2025-05-08 22:00:00,102828.04,103230.66,102396.86,103017.95,1028.42527
2025-05-08 23:00:00,103017.95,103301.6,102786.76,103261.6,920.95175
2025-05-09 00:00:00,103261.61,103268.44,102540.13,102820.0,967.72632
2025-05-09 01:00:00,102820.01,103128.0,102551.74,103098.34,829.79334
2025-05-09 02:00:00,103098.34,103098.34,102500.48,102595.5,1049.12723
2025-05-09 03:00:00,102595.5,102800.69,102364.0,102451.04,887.20651
2025-05-09 04:00:00,102451.04,102852.0,102374.03,102828.0,702.47394
2025-05-09 05:00:00,102828.01,102979.36,102585.74,102979.35,712.49562
2025-05-09 06:00:00,102979.35,103261.71,102928.77,103230.11,1025.81799
2025-05-09 07:00:00,103230.11,104361.3,103127.76,103628.77,3530.71192
2025-05-09 08:00:00,103628.76,103930.0,102652.33,102968.25,3123.0848
2025-05-09 09:00:00,102968.25,103285.72,102421.0,102915.58,1946.17375
2025-05-09 10:00:00,102915.58,103476.19,102797.69,103371.63,1629.84795
2025-05-09 11:00:00,103371.62,103500.0,102685.3,102958.31,1703.98287
2025-05-09 12:00:00,102958.31,103165.92,102808.02,102899.99,1104.96452
2025-05-09 13:00:00,102899.99,103793.66,102826.63,103633.5,1946.92446
2025-05-09 14:00:00,103633.5,103761.91,102411.99,103155.99,2039.94742
2025-05-09 15:00:00,103156.0,103313.0,102688.26,102895.99,749.38574
2025-05-09 16:00:00,102895.99,102929.51,102315.14,102480.83,893.55174
2025-05-09 17:00:00,102480.83,103227.82,102343.6,103199.99,678.08573
2025-05-09 18:00:00,103199.99,103370.54,102932.69,103176.46,399.38495
2025-05-09 19:00:00,103176.46,103285.68,102894.0,103189.17,378.87644
2025-05-09 20:00:00,103189.17,103408.0,103143.12,103183.94,350.62996
2025-05-09 21:00:00,103183.93,103215.46,102769.92,102984.99,376.59229
2025-05-09 22:00:00,102985.0,103070.41,102727.25,102784.66,340.91245
2025-05-09 23:00:00,102784.65,102980.0,102736.59,102971.99,249.70113
2025-05-10 00:00:00,102971.99,103100.0,102818.76,102865.7,606.6113
2025-05-10 01:00:00,102865.7,103119.99,102865.7,102987.5,421.77204
2025-05-10 02:00:00,102987.5,103265.82,102956.96,103147.96,367.36386
2025-05-10 03:00:00,103147.95,103233.48,102972.17,103226.24,393.14728
2025-05-10 04:00:00,103226.25,103226.25,103034.5,103152.48,291.54929
2025-05-10 05:00:00,103152.48,103361.0,103088.99,103361.0,399.13796
2025-05-10 06:00:00,103361.0,103947.36,103355.35,103930.71,966.16865
2025-05-10 07:00:00,103930.72,104100.0,103632.66,103759.71,815.86898
2025-05-10 08:00:00,103759.71,104079.37,103463.52,103634.92,847.46151
2025-05-10 09:00:00,103634.93,103911.78,103366.0,103761.91,548.24108
2025-05-10 10:00:00,103761.91,103888.88,103593.15,103593.15,629.38967
2025-05-10 11:00:00,103593.15,103654.31,103383.99,103434.94,851.17394
2025-05-10 12:00:00,103434.94,103825.4,103421.5,103695.98,651.69947
2025-05-10 13:00:00,103695.97,103800.0,103539.68,103628.86,384.73592
2025-05-10 14:00:00,103628.87,103666.67,103421.49,103520.41,363.48091
2025-05-10 15:00:00,103520.41,103529.89,103100.0,103138.77,533.62781
2025-05-10 16:00:00,103138.76,103500.0,103127.69,103435.22,588.61658
2025-05-10 17:00:00,103435.22,103619.68,103161.85,103176.88,861.02001
2025-05-10 18:00:00,103176.88,103317.47,103005.33,103252.88,560.27315
2025-05-10 19:00:00,103252.88,103305.57,103085.52,103191.35,320.50313
2025-05-10 20:00:00,103191.35,103317.47,103068.87,103193.43,210.01357
2025-05-10 21:00:00,103193.43,103800.0,103166.0,103756.71,364.19148
2025-05-10 22:00:00,103756.72,103831.15,103544.02,103597.89,429.82122
2025-05-10 23:00:00,103597.53,104984.57,103571.42,104809.53,2918.9173
2025-05-11 00:00:00,104809.53,104972.0,103926.47,104428.58,1452.36468
2025-05-11 01:00:00,104428.58,104536.76,103866.88,104135.32,717.9167
2025-05-11 02:00:00,104135.32,104280.13,103466.05,103781.06,1092.03667
2025-05-11 03:00:00,103781.06,104195.12,103653.6,104007.03,593.25276
2025-05-11 04:00:00,104007.03,104400.0,103997.44,104153.72,520.1322
2025-05-11 05:00:00,104153.71,104201.61,103801.0,103840.0,415.52186
2025-05-11 06:00:00,103840.0,103988.39,103616.9,103864.52,918.02801
2025-05-11 07:00:00,103864.52,103882.26,103345.06,103385.47,1099.08865
2025-05-11 08:00:00,103385.46,104028.0,103380.95,103825.39,573.5755
2025-05-11 09:00:00,103825.39,104469.23,103820.0,104347.94,616.46184
2025-05-11 10:00:00,104347.93,104668.36,104193.66,104644.0,670.87671
2025-05-11 11:00:00,104644.0,104777.0,104351.27,104652.01,611.74101
2025-05-11 12:00:00,104652.01,104888.0,104525.23,104601.9,931.71158
2025-05-11 13:00:00,104601.89,104666.67,103934.18,103959.99,1100.33042
2025-05-11 14:00:00,103959.99,104290.97,103775.91,104160.0,1491.16287
2025-05-11 15:00:00,104160.0,104682.54,103911.61,104150.0,977.30807
2025-05-11 16:00:00,104150.0,104176.0,103750.0,103984.13,700.09107
2025-05-11 17:00:00,103984.12,104148.93,103793.65,104036.7,446.02668
2025-05-11 18:00:00,104036.7,104832.82,103857.14,104528.19,748.08883
2025-05-11 19:00:00,104528.19,104650.8,104354.67,104420.0,417.96581
2025-05-11 20:00:00,104420.0,104442.78,104162.78,104269.85,292.09692
2025-05-11 21:00:00,104269.85,104388.0,103952.38,104349.0,324.08378
2025-05-11 22:00:00,104349.01,104578.62,103569.77,103793.67,740.71696
2025-05-11 23:00:00,103793.67,104142.86,103761.9,104118.0,536.54239
2025-05-12 00:00:00,104118.0,104635.48,104074.15,104587.31,864.57103
2025-05-12 01:00:00,104587.31,105086.42,103764.5,103984.14,1894.48964
2025-05-12 02:00:00,103984.14,104204.08,103710.66,103885.72,712.35791
2025-05-12 03:00:00,103885.73,104100.13,103702.15,104100.13,574.91027
2025-05-12 04:00:00,104100.13,104164.77,103816.47,104072.7,450.99148
2025-05-12 05:00:00,104072.7,104072.71,103750.0,103940.0,459.15467
2025-05-12 06:00:00,103939.99,104411.58,103800.0,104384.8,502.82838
2025-05-12 07:00:00,104384.81,105819.45,104152.84,104467.99,5543.61229
2025-05-12 08:00:00,104467.99,104736.45,104077.7,104614.04,1072.02345
2025-05-12 09:00:00,104614.05,104682.68,104375.0,104459.34,890.19411
2025-05-12 10:00:00,104459.33,104539.69,104150.0,104527.62,881.93559
2025-05-12 11:00:00,104527.62,104628.0,103625.0,103762.9,1351.4493
2025-05-12 12:00:00,103762.89,104145.41,103729.04,103881.15,1551.13482
2025-05-12 13:00:00,103881.14,104629.96,103675.57,104319.99,1481.23564
2025-05-12 14:00:00,104320.0,104400.0,102544.25,102799.99,3039.45535
2025-05-12 15:00:00,102799.99,103206.35,102388.0,102527.26,1810.41867
2025-05-12 16:00:00,102527.27,103075.09,102421.83,102856.06,986.02627
2025-05-12 17:00:00,102856.07,103088.88,102529.52,102556.19,669.75274
2025-05-12 18:00:00,102556.2,102660.54,100718.37,101630.59,3108.20166
2025-05-12 19:00:00,101630.59,102122.02,101459.7,101860.0,1290.66176
2025-05-12 20:00:00,101859.99,102881.39,101770.2,102678.51,787.00596
2025-05-12 21:00:00,102678.52,102743.43,102352.86,102510.1,479.23848
2025-05-12 22:00:00,102509.36,102941.06,102352.9,102856.38,449.28013
2025-05-12 23:00:00,102856.59,103127.92,102791.31,102791.32,421.84832
2025-05-13 00:00:00,102791.32,102791.32,102165.39,102260.01,749.28213
2025-05-13 01:00:00,102260.0,102714.29,102072.0,102400.48,716.11702
2025-05-13 02:00:00,102400.48,102701.82,101696.84,102067.99,924.66581
2025-05-13 03:00:00,102067.98,102166.99,101429.7,101719.4,962.27648
2025-05-13 04:00:00,101719.4,102767.24,101610.56,102745.71,1132.24142
2025-05-13 05:00:00,102745.72,102745.72,102264.34,102477.15,1000.99313
2025-05-13 06:00:00,102477.16,102688.77,102333.33,102552.0,865.09002
2025-05-13 07:00:00,102552.01,102943.28,102552.0,102665.5,548.56772
2025-05-13 08:00:00,102665.5,102958.81,102540.18,102722.0,574.89898
2025-05-13 09:00:00,102722.0,103511.2,102722.0,103457.03,997.62125
2025-05-13 10:00:00,103457.02,103612.37,103273.84,103557.72,809.33372
2025-05-13 11:00:00,103557.72,103822.03,103453.99,103729.2,415.61196
2025-05-13 12:00:00,103729.2,103966.0,103338.23,103682.52,1411.6968
2025-05-13 13:00:00,103682.52,103932.2,103394.93,103715.87,858.34947
2025-05-13 14:00:00,103715.87,103746.04,102811.32,103191.65,1336.03577
2025-05-13 15:00:00,103191.64,103873.02,103132.15,103682.55,845.30074
2025-05-13 16:00:00,103682.54,104394.61,103532.18,103725.85,1296.14451
2025-05-13 17:00:00,103725.85,104310.0,103712.5,104268.17,737.88609
2025-05-13 18:00:00,104268.17,104428.58,104081.85,104354.19,667.51343
2025-05-13 19:00:00,104354.19,104976.25,104158.73,104792.22,2351.90796
2025-05-13 20:00:00,104792.21,104928.0,104400.0,104562.39,601.95317
2025-05-13 21:00:00,104562.4,104613.32,104179.0,104342.71,391.26707
2025-05-13 22:00:00,104342.7,104432.03,104100.0,104128.5,502.72511
2025-05-13 23:00:00,104128.5,104285.66,103869.01,104103.72,555.94433
2025-05-14 00:00:00,104103.72,104115.86,103763.85,103920.76,1038.59479
2025-05-14 01:00:00,103920.77,104082.71,103700.0,103734.82,1074.76281
2025-05-14 02:00:00,103734.81,103786.21,103496.82,103713.27,481.61389
2025-05-14 03:00:00,103713.27,103777.78,103453.26,103587.44,415.74688
2025-05-14 04:00:00,103587.44,103842.98,103471.36,103743.02,427.81934
2025-05-14 05:00:00,103743.02,103971.0,103687.13,103896.71,506.88636
2025-05-14 06:00:00,103896.7,103952.39,103662.82,103757.5,381.32265
2025-05-14 07:00:00,103757.5,103800.0,103381.02,103716.55,786.22564
2025-05-14 08:00:00,103716.55,103888.0,103187.0,103200.0,1056.63353
2025-05-14 09:00:00,103200.0,103496.05,102875.22,103485.73,1191.70027
2025-05-14 10:00:00,103485.73,103929.32,103460.72,103708.49,704.389
2025-05-14 11:00:00,103708.5,104145.0,103708.5,103944.93,583.04021
2025-05-14 12:00:00,103944.93,104208.77,103907.45,103999.99,488.53049
2025-05-14 13:00:00,103999.99,104356.95,103492.06,103970.87,1907.26615
2025-05-14 14:00:00,103970.87,103971.88,102902.0,103265.46,1950.09622
2025-05-14 15:00:00,103265.47,103555.56,102833.55,103514.24,856.1516
2025-05-14 16:00:00,103514.24,103614.61,103173.55,103363.65,475.44971
2025-05-14 17:00:00,103363.66,103428.58,102602.05,103246.79,595.35133
2025-05-14 18:00:00,103246.78,103523.81,103029.45,103523.81,393.98215
2025-05-14 19:00:00,103523.8,103720.44,103243.0,103321.72,392.19365
2025-05-14 20:00:00,103321.73,103658.35,103304.66,103555.51,195.13432
2025-05-14 21:00:00,103555.52,103667.52,103434.55,103647.39,186.25436
2025-05-14 22:00:00,103647.39,103658.3,103430.63,103511.46,139.37207
2025-05-14 23:00:00,103511.46,103608.73,103357.77,103507.82,224.39068
2025-05-15 00:00:00,103507.83,103866.51,103492.06,103801.85,316.48566
2025-05-15 01:00:00,103801.85,103801.86,102968.16,103033.52,568.67212
2025-05-15 02:00:00,103033.51,103206.35,102916.05,103047.62,446.23075
2025-05-15 03:00:00,103047.62,103142.86,102720.0,102753.63,466.40868
2025-05-15 04:00:00,102753.62,102962.38,102711.0,102891.76,351.7693
2025-05-15 05:00:00,102891.76,102922.17,102336.7,102375.31,519.41864
2025-05-15 06:00:00,102375.31,102686.1,102140.0,102247.4,714.15222
2025-05-15 07:00:00,102247.41,102440.0,101724.17,101779.99,768.32213
2025-05-15 08:00:00,101779.99,102327.0,101758.97,102274.65,594.85241
2025-05-15 09:00:00,102274.65,102274.66,101500.0,101823.39,860.32483
2025-05-15 10:00:00,101823.4,101930.58,101600.0,101804.74,494.18425
2025-05-15 11:00:00,101804.75,102441.0,101790.2,102371.61,662.74555
2025-05-15 12:00:00,102371.62,102838.82,102271.58,102560.0,981.88637
2025-05-15 13:00:00,102560.01,102787.82,101569.84,102133.49,1037.21134
2025-05-15 14:00:00,102133.49,102398.31,101383.07,101987.65,1209.87624
2025-05-15 15:00:00,101987.64,103291.99,101931.86,103251.35,1083.57557
2025-05-15 16:00:00,103251.36,103847.13,103026.33,103846.27,1096.42524
2025-05-15 17:00:00,103846.28,104192.7,103650.79,103968.24,1311.32988
2025-05-15 18:00:00,103968.24,104012.49,102641.54,102697.31,1125.34279
2025-05-15 19:00:00,102697.31,103228.06,102552.35,103157.26,909.12835
2025-05-15 20:00:00,103157.26,103491.43,102884.6,103443.51,666.51008
2025-05-15 21:00:00,103443.51,103443.51,102708.46,103288.75,463.839
2025-05-15 22:00:00,103288.75,103980.84,103254.25,103492.06,660.25544
2025-05-15 23:00:00,103492.06,103893.73,103230.76,103763.71,690.0392
2025-05-16 00:00:00,103763.71,104033.9,103655.16,103764.81,805.5454
2025-05-16 01:00:00,103764.82,104108.9,103467.91,104047.61,842.64231
2025-05-16 02:00:00,104047.6,104466.01,103928.8,104199.8,1102.45583
2025-05-16 03:00:00,104199.8,104328.32,103988.18,104023.49,543.50598
2025-05-16 04:00:00,104023.49,104184.72,103816.6,103919.95,458.36015
2025-05-16 05:00:00,103919.96,104148.0,103833.64,103898.52,418.83888
2025-05-16 06:00:00,103898.52,104100.0,103860.32,103987.87,741.97708
2025-05-16 07:00:00,103987.87,104190.48,103694.18,103710.17,719.7843
2025-05-16 08:00:00,103710.17,103760.0,103100.49,103388.6,1261.58345
2025-05-16 09:00:00,103388.6,103820.0,103388.6,103793.65,824.12938
2025-05-16 10:00:00,103793.65,103886.01,103635.18,103796.91,509.73742
2025-05-16 11:00:00,103796.92,103900.0,103552.0,103651.71,523.12827
2025-05-16 12:00:00,103651.72,103768.51,103484.75,103506.07,387.69144
2025-05-16 13:00:00,103506.07,104099.88,103440.0,104007.98,976.52654
2025-05-16 14:00:00,104007.99,104007.99,103343.07,103578.7,943.56617
2025-05-16 15:00:00,103578.71,104286.0,103578.71,104183.33,1195.9957
2025-05-16 16:00:00,104183.32,104550.33,103837.82,104145.49,1228.2701
2025-05-16 17:00:00,104145.48,104396.28,103780.0,103867.96,430.37817
2025-05-16 18:00:00,103867.96,104094.9,103690.26,103691.55,420.24502
2025-05-16 19:00:00,103691.54,104047.62,103587.0,104032.6,273.94744
2025-05-16 20:00:00,104032.6,104032.6,103526.47,103692.48,285.67975
2025-05-16 21:00:00,103692.48,103791.94,103500.0,103612.0,249.10753
2025-05-16 22:00:00,103612.01,103613.02,103397.5,103521.96,344.55949
2025-05-16 23:00:00,103521.96,103690.18,103420.92,103463.9,196.22444
2025-05-17 00:00:00,103463.9,103539.69,103100.0,103360.01,743.27212
2025-05-17 01:00:00,103360.0,103360.01,102612.5,102829.57,901.79419
2025-05-17 02:00:00,102829.58,103357.6,102747.44,103286.01,650.39481
2025-05-17 03:00:00,103286.01,103600.0,103173.85,103508.48,563.37816
2025-05-17 04:00:00,103508.48,103666.67,103476.19,103658.05,336.48814
2025-05-17 05:00:00,103658.05,103709.86,103328.12,103342.79,224.58608
2025-05-17 06:00:00,103342.79,103500.0,103285.71,103487.95,413.82507
2025-05-17 07:00:00,103487.96,103640.14,103435.08,103451.14,344.02794
2025-05-17 08:00:00,103451.13,103568.58,103120.0,103426.06,685.20657
2025-05-17 09:00:00,103426.06,103549.92,102808.6,102896.59,1202.56724
2025-05-17 10:00:00,102896.59,103045.56,102822.64,102873.74,457.50752
2025-05-17 11:00:00,102873.74,103099.84,102753.67,102994.17,375.02021
2025-05-17 12:00:00,102994.18,103066.43,102892.38,102927.57,287.44977
2025-05-17 13:00:00,102927.58,103103.47,102640.02,102713.34,446.71269
2025-05-17 14:00:00,102713.33,103180.0,102707.72,103124.8,281.64444
2025-05-17 15:00:00,103124.8,103179.51,102936.0,102939.53,256.86045
2025-05-17 16:00:00,102939.52,103106.07,102761.9,102938.32,344.47339
2025-05-17 17:00:00,102938.32,103292.88,102928.8,103130.43,312.20248
2025-05-17 18:00:00,103130.43,103350.0,102956.52,102987.2,387.59976
2025-05-17 19:00:00,102987.21,103204.07,102928.3,103158.6,243.69127
2025-05-17 20:00:00,103158.6,103433.78,103081.71,103372.04,286.01224
2025-05-17 21:00:00,103372.03,103477.87,103121.62,103243.69,922.48164
2025-05-17 22:00:00,103243.68,103243.68,102900.72,103031.03,402.93806
2025-05-17 23:00:00,103031.03,103212.0,102950.23,103126.65,180.76198
2025-05-18 00:00:00,103126.65,103409.98,103105.09,103382.8,304.88823
2025-05-18 01:00:00,103382.81,103405.12,103134.49,103251.49,182.56775
2025-05-18 02:00:00,103251.49,103360.01,103240.69,103346.7,179.48635
2025-05-18 03:00:00,103346.7,103390.45,103140.32,103295.7,247.02287
2025-05-18 04:00:00,103295.7,103433.78,103295.69,103355.01,148.44304
2025-05-18 05:00:00,103355.01,103685.03,103355.01,103648.2,430.19855
2025-05-18 06:00:00,103648.2,103679.02,103368.36,103476.19,373.91732
2025-05-18 07:00:00,103476.2,103988.0,103443.45,103919.39,462.12182
2025-05-18 08:00:00,103919.39,104088.2,103819.43,103912.82,679.59538
2025-05-18 09:00:00,103912.82,104022.0,103845.23,103868.48,352.23621
2025-05-18 10:00:00,103868.48,103935.4,103800.0,103856.81,261.38595
2025-05-18 11:00:00,103856.8,103998.98,103800.0,103800.54,280.93869
2025-05-18 12:00:00,103800.55,103939.66,103701.4,103939.65,242.85227
2025-05-18 13:00:00,103939.65,104800.0,103900.02,104740.0,1284.7537
2025-05-18 14:00:00,104740.0,105548.0,104556.32,105270.97,2059.10483
2025-05-18 15:00:00,105270.98,105680.0,104970.03,105518.0,1395.79302
2025-05-18 16:00:00,105518.0,105980.0,105161.19,105822.22,1218.8757
2025-05-18 17:00:00,105822.22,105900.0,104836.66,104836.67,1282.22053
2025-05-18 18:00:00,104836.66,104923.17,103988.0,104498.0,1819.26717
2025-05-18 19:00:00,104498.01,104761.9,103851.01,103883.97,1074.99209
2025-05-18 20:00:00,103883.98,104240.0,103285.71,104053.05,1803.51574
2025-05-18 21:00:00,104053.05,104601.14,104053.04,104180.38,690.9858
2025-05-18 22:00:00,104180.37,105979.99,103963.63,105928.1,1453.37474
2025-05-18 23:00:00,105928.11,106660.0,105460.0,106454.26,3371.44951
2025-05-19 00:00:00,106454.27,107108.62,105165.44,105260.88,2492.11697
2025-05-19 01:00:00,105260.88,105416.67,104742.53,105059.97,980.73261
2025-05-19 02:00:00,105059.97,105192.17,104569.0,104645.15,1063.96715
2025-05-19 03:00:00,104645.15,104645.15,103534.47,103605.88,1293.59737
2025-05-19 04:00:00,103605.9,103779.99,102789.0,103002.07,2427.05534
2025-05-19 05:00:00,103002.07,103118.57,102513.87,103032.01,2036.68924
2025-05-19 06:00:00,103032.0,103195.67,102000.0,102208.0,2300.40217
2025-05-19 07:00:00,102208.01,103356.8,102173.91,103226.29,1134.89093
2025-05-19 08:00:00,103226.29,103357.6,102920.57,103233.9,710.15374
2025-05-19 09:00:00,103233.9,103425.53,102999.99,103061.61,802.4216
2025-05-19 10:00:00,103061.62,103090.07,102853.81,102915.5,640.39455
2025-05-19 11:00:00,102915.5,103067.83,102782.6,102963.41,530.36927
2025-05-19 12:00:00,102963.4,102963.41,102126.16,102479.95,1052.78618
2025-05-19 13:00:00,102479.94,103527.89,102321.83,103294.11,1554.6245
2025-05-19 14:00:00,103294.11,104369.0,103181.67,104328.11,1627.19129
2025-05-19 15:00:00,104328.11,104968.75,104266.14,104786.41,1837.22906
2025-05-19 16:00:00,104786.42,105435.49,104491.53,105356.44,1500.27726
2025-05-19 17:00:00,105356.43,105550.01,104940.77,105380.95,1283.57443
2025-05-19 18:00:00,105380.96,105561.76,104703.66,104778.98,937.18228
2025-05-19 19:00:00,104778.99,105549.99,104633.55,105517.7,782.3217
2025-05-19 20:00:00,105517.64,105788.87,105321.54,105468.0,683.47777
2025-05-19 21:00:00,105468.0,105514.79,105016.27,105474.67,768.70926
2025-05-19 22:00:00,105474.67,105644.41,105182.86,105549.92,1369.62548
2025-05-19 23:00:00,105549.92,105829.99,105455.57,105573.74,450.24509
2025-05-20 00:00:00,105573.73,106569.99,105554.31,105727.27,1899.74036
2025-05-20 01:00:00,105727.27,106789.58,105701.46,106450.0,1406.29767
2025-05-20 02:00:00,106450.01,106853.27,106000.0,106099.99,1168.64729
2025-05-20 03:00:00,106100.0,106180.75,105533.01,105761.92,1275.86795
2025-05-20 04:00:00,105761.92,106250.0,105545.45,106219.99,545.70991
2025-05-20 05:00:00,106220.0,106399.0,106067.36,106105.26,584.56364
2025-05-20 06:00:00,106105.26,106219.99,105381.02,105454.54,635.48643
2025-05-20 07:00:00,105454.55,105750.26,104928.44,105021.71,1269.79336
2025-05-20 08:00:00,105021.7,105249.11,104847.16,105223.01,675.94019
2025-05-20 09:00:00,105223.0,105390.13,105186.31,105285.72,581.83412
2025-05-20 10:00:00,105285.72,105416.66,105022.72,105030.65,583.62785
2025-05-20 11:00:00,105030.65,105348.67,104913.04,105203.76,485.14026
2025-05-20 12:00:00,105203.75,105203.76,104653.39,104780.0,621.85316
2025-05-20 13:00:00,104780.01,104869.57,104184.72,104448.04,1440.3694
2025-05-20 14:00:00,104448.04,104995.43,104304.34,104519.84,1054.37222
2025-05-20 15:00:00,104519.84,105391.27,104482.68,105333.68,683.10716
2025-05-20 16:00:00,105333.67,105523.81,105090.9,105212.49,599.25564
2025-05-20 17:00:00,105212.49,106336.37,105212.49,106200.31,1531.99175
2025-05-20 18:00:00,106200.32,106419.19,105234.04,105285.54,955.70004
2025-05-20 19:00:00,105285.53,107238.37,105220.0,107026.47,1970.3521
2025-05-20 20:00:00,107026.47,107320.0,106407.66,106909.09,1407.95263
2025-05-20 21:00:00,106909.09,107225.68,106132.09,106619.0,988.46204
2025-05-20 22:00:00,106619.0,106894.86,105935.83,106775.83,610.98393
2025-05-20 23:00:00,106775.83,107208.68,106637.5,106849.99,728.43365
2025-05-21 00:00:00,106850.0,107206.94,106459.8,106739.54,795.55996
2025-05-21 01:00:00,106739.55,107086.24,106426.0,106500.0,440.84568
2025-05-21 02:00:00,106500.0,106923.07,106186.79,106859.04,639.36986
2025-05-21 03:00:00,106859.05,107100.0,106748.69,106843.59,708.25056
2025-05-21 04:00:00,106843.6,107700.0,106742.85,107287.0,1515.58688
2025-05-21 05:00:00,107286.99,107718.68,107281.55,107542.0,1194.67386
2025-05-21 06:00:00,107542.01,107985.05,107294.63,107751.41,1335.30875
2025-05-21 07:00:00,107751.41,107855.49,106454.54,106527.16,1745.68293
2025-05-21 08:00:00,106527.17,106797.98,106347.05,106372.45,1022.17805
2025-05-21 09:00:00,106372.46,106523.81,106100.01,106200.03,796.53854
2025-05-21 10:00:00,106200.03,106450.0,106136.99,106328.57,551.73093
2025-05-21 11:00:00,106328.56,106741.71,106272.72,106546.44,611.6822
2025-05-21 12:00:00,106546.43,106920.21,106409.92,106573.11,789.95753
2025-05-21 13:00:00,106573.1,107662.08,106329.47,107244.76,1192.94496
2025-05-21 14:00:00,107244.75,109000.0,107009.06,108999.99,4814.02631
2025-05-21 15:00:00,108999.99,109458.0,108332.26,108973.35,4908.56569
2025-05-21 16:00:00,108973.34,109845.0,108701.54,109131.7,3551.89039
2025-05-21 17:00:00,109131.71,109343.01,106117.67,106592.79,6249.91547
2025-05-21 18:00:00,106592.8,107415.83,106317.0,106965.05,2576.43227
2025-05-21 19:00:00,106965.05,108857.19,106619.68,108603.79,2579.9617
2025-05-21 20:00:00,108603.79,108739.14,107725.0,108238.09,1238.80704
2025-05-21 21:00:00,108238.09,108560.34,107940.0,108414.64,776.08015
2025-05-21 22:00:00,108414.63,109028.25,108278.97,108739.36,789.45572
2025-05-21 23:00:00,108739.36,110797.38,108660.0,109643.99,4705.594915
2025-05-22 00:00:00,109643.99,110178.49,109177.37,109954.53,2147.46453
2025-05-22 01:00:00,109954.54,110576.7,109667.0,109920.68,1776.18943
2025-05-22 02:00:00,109920.69,110981.96,109822.58,110471.51,2116.54822
2025-05-22 03:00:00,110471.52,111880.0,110339.87,111780.84,2977.5295
2025-05-22 04:00:00,111780.84,111795.04,111234.4,111482.42,1845.93128
2025-05-22 05:00:00,111482.43,111672.32,110832.38,110879.99,2584.32531
2025-05-22 06:00:00,110880.0,111185.82,110478.26,110606.07,1507.16841
2025-05-22 07:00:00,110606.07,111139.71,110461.87,111045.45,1165.97838
2025-05-22 08:00:00,111045.45,111162.18,110381.46,110409.09,1178.49072
2025-05-22 09:00:00,110409.1,110840.0,110272.72,110821.3,1046.51732
2025-05-22 10:00:00,110821.3,110952.39,110601.0,110805.22,823.91343
2025-05-22 11:00:00,110805.23,111326.2,110500.0,110981.97,965.26641
2025-05-22 12:00:00,110981.98,111626.43,110804.72,111608.69,1598.01131
2025-05-22 13:00:00,111608.69,111625.75,110904.0,110914.49,1601.31192
2025-05-22 14:00:00,110914.49,111397.94,110550.0,110897.9,1686.01739
2025-05-22 15:00:00,110897.89,111529.72,110787.8,111290.86,1200.91956
2025-05-22 16:00:00,111290.85,111782.61,111087.25,111252.36,780.15322
2025-05-22 17:00:00,111252.36,111980.0,111168.03,111502.31,917.63574
2025-05-22 18:00:00,111502.32,111953.85,111379.22,111727.27,622.21825
2025-05-22 19:00:00,111727.28,111920.0,110916.4,111188.0,940.62549
2025-05-22 20:00:00,111188.0,111431.5,110831.52,111076.24,792.97237
2025-05-22 21:00:00,111076.24,111108.89,110763.27,110831.36,412.2136
2025-05-22 22:00:00,110831.36,111252.03,110831.36,111020.93,412.79621
2025-05-22 23:00:00,111020.93,111717.34,111020.92,111696.21,530.57513
2025-05-23 00:00:00,111696.22,111800.0,111382.97,111613.58,823.77218
2025-05-23 01:00:00,111613.58,111739.14,111201.86,111327.69,865.20204
2025-05-23 02:00:00,111327.69,111618.93,111193.9,111272.72,656.2768
2025-05-23 03:00:00,111272.73,111374.54,111000.13,111100.01,489.0438
2025-05-23 04:00:00,111100.0,111181.82,110547.98,110844.19,740.6573
2025-05-23 05:00:00,110844.19,110951.7,110658.72,110855.47,540.83274
2025-05-23 06:00:00,110855.47,110857.15,110407.89,110526.01,861.12423
2025-05-23 07:00:00,110526.01,110857.15,110523.8,110715.42,1083.90073
2025-05-23 08:00:00,110715.41,111030.12,110715.41,110935.24,525.4318
2025-05-23 09:00:00,110935.24,111381.61,110909.46,111335.02,588.81353
2025-05-23 10:00:00,111335.02,111335.02,110816.34,111061.24,428.14347
2025-05-23 11:00:00,111061.24,111092.5,108888.0,109076.35,2661.79754
2025-05-23 12:00:00,109076.36,109096.39,107316.0,108412.77,6557.04047
2025-05-23 13:00:00,108412.77,109714.7,107922.82,109634.99,3726.35919
2025-05-23 14:00:00,109634.99,109992.75,109505.0,109672.01,1726.66757
2025-05-23 15:00:00,109672.01,109850.02,108916.0,108940.0,1153.19085
2025-05-23 16:00:00,108940.0,109222.42,108001.0,109068.87,2275.39816
2025-05-23 17:00:00,109068.87,109809.53,109022.82,109413.03,1158.19809
2025-05-23 18:00:00,109413.02,109494.8,108654.82,108794.09,750.38683
2025-05-23 19:00:00,108794.09,109157.85,108605.12,108716.07,767.19773
2025-05-23 20:00:00,108714.01,108727.28,108186.55,108236.53,592.39199
2025-05-23 21:00:00,108236.53,108664.65,108055.0,108282.89,561.89055
2025-05-23 22:00:00,108282.89,108590.9,107638.96,107797.37,816.9094
2025-05-23 23:00:00,107797.37,107898.34,106800.0,107318.3,1387.0961
2025-05-24 00:00:00,107318.3,107680.83,106875.41,107366.68,926.99572
2025-05-24 01:00:00,107366.68,107875.66,107352.75,107479.24,437.55116
2025-05-24 02:00:00,107479.24,107900.11,107243.1,107803.84,383.40402
2025-05-24 03:00:00,107803.84,108367.54,107750.64,108366.3,573.36983
2025-05-24 04:00:00,108366.31,108582.33,108300.0,108485.07,403.76377
2025-05-24 05:00:00,108485.06,108530.73,108126.99,108235.68,437.82917
2025-05-24 06:00:00,108235.69,108342.53,107683.96,107959.99,682.2587
2025-05-24 07:00:00,107959.99,108227.27,107566.37,107587.75,458.42202
2025-05-24 08:00:00,107587.75,108285.39,107587.74,108251.23,520.00591
2025-05-24 09:00:00,108251.23,108434.0,108158.09,108161.69,467.30605
2025-05-24 10:00:00,108161.7,109258.94,108152.01,109094.99,2231.65558
2025-05-24 11:00:00,109094.99,109506.03,109094.99,109208.56,2198.07764
2025-05-24 12:00:00,109208.57,109282.81,108636.36,108776.63,1286.18727
2025-05-24 13:00:00,108776.63,108894.25,108540.0,108590.29,575.75967
2025-05-24 14:00:00,108590.28,109036.81,108590.28,108959.09,422.11246
2025-05-24 15:00:00,108959.1,109212.76,108819.12,108929.7,382.11963
2025-05-24 16:00:00,108929.71,109096.13,108682.36,108997.67,290.13693
2025-05-24 17:00:00,108997.68,109200.0,108882.35,108920.03,258.09912
2025-05-24 18:00:00,108920.03,109076.2,108781.54,108827.01,170.00615
2025-05-24 19:00:00,108827.0,109019.6,108800.0,108960.0,297.31317
2025-05-24 20:00:00,108960.0,109125.0,108863.63,108863.63,220.43889
2025-05-24 21:00:00,108863.63,108863.64,108580.11,108818.18,260.12572
2025-05-24 22:00:00,108818.18,108818.19,107977.67,108100.5,666.17978
2025-05-24 23:00:00,108100.5,108396.97,107500.0,107761.91,2233.41293
2025-05-25 00:00:00,107761.9,108130.44,107286.28,107443.9,1031.59929
2025-05-25 01:00:00,107443.9,108007.29,107206.0,107656.22,702.14525
2025-05-25 02:00:00,107656.21,108000.0,107480.29,107928.8,339.41198
2025-05-25 03:00:00,107928.8,108257.14,107923.6,108095.75,422.72429
2025-05-25 04:00:00,108095.76,108275.7,107941.96,108245.21,245.16657
2025-05-25 05:00:00,108245.21,108288.69,107972.02,108103.98,167.94588
2025-05-25 06:00:00,108103.99,108136.37,107687.21,107938.0,378.11797
2025-05-25 07:00:00,107938.0,107938.0,107454.54,107681.81,502.48123
2025-05-25 08:00:00,107681.82,107700.65,106926.14,107109.41,948.81757
2025-05-25 09:00:00,107109.4,107258.29,106708.98,107131.67,1082.98139
2025-05-25 10:00:00,107131.68,107390.89,106826.53,106946.4,780.43314
2025-05-25 11:00:00,106946.4,107272.73,106834.34,107260.0,587.12489
2025-05-25 12:00:00,107259.99,107625.0,107181.81,107530.57,799.16485
2025-05-25 13:00:00,107530.57,107743.34,107300.0,107521.75,446.62388
2025-05-25 14:00:00,107521.74,107653.68,107137.56,107355.0,701.7807
2025-05-25 15:00:00,107355.0,107420.98,106600.64,106967.97,3145.57829
2025-05-25 16:00:00,106967.97,107243.36,106640.52,107174.4,1428.32141
2025-05-25 17:00:00,107174.41,107374.38,107111.56,107363.37,232.07576
2025-05-25 18:00:00,107363.36,107600.0,107272.72,107413.34,187.95214
2025-05-25 19:00:00,107413.34,107940.95,107413.33,107717.01,255.5344
2025-05-25 20:00:00,107717.02,107754.24,107409.09,107677.35,360.39184
2025-05-25 21:00:00,107677.36,107914.44,107176.0,107466.7,314.15348
2025-05-25 22:00:00,107466.69,109200.0,107350.01,109166.0,1652.91716
2025-05-25 23:00:00,109165.99,109299.99,108570.16,109004.19,996.60359
2025-05-26 00:00:00,109004.2,109600.0,108670.58,109540.46,921.21434
2025-05-26 01:00:00,109540.45,109844.91,109224.0,109545.46,968.05223
2025-05-26 02:00:00,109545.45,109772.72,109172.36,109387.72,638.12107
2025-05-26 03:00:00,109387.73,109765.74,109273.51,109623.53,563.40876
2025-05-26 04:00:00,109623.54,109737.71,109510.58,109541.3,537.86277
2025-05-26 05:00:00,109541.31,109688.05,109365.29,109650.01,537.14753
2025-05-26 06:00:00,109650.0,109951.2,109519.4,109928.37,463.70135
2025-05-26 07:00:00,109928.37,110228.11,109728.37,110094.62,933.69745
2025-05-26 08:00:00,110094.62,110173.92,109606.32,109666.4,528.16161
2025-05-26 09:00:00,109666.39,109996.2,109600.0,109712.56,524.59189
2025-05-26 10:00:00,109712.56,109857.15,109571.42,109643.56,276.23009
2025-05-26 11:00:00,109643.55,109836.0,109556.69,109772.72,325.29275
2025-05-26 12:00:00,109772.73,110086.96,109666.66,109826.92,380.50527
2025-05-26 13:00:00,109826.91,109980.0,109494.74,109595.65,546.39868
2025-05-26 14:00:00,109595.64,109739.14,109499.92,109652.51,768.91932
2025-05-26 15:00:00,109652.51,110420.74,109529.57,110009.82,1417.39714
2025-05-26 16:00:00,110009.83,110422.22,109089.43,109391.37,1696.47921
2025-05-26 17:00:00,109391.37,109693.24,108871.21,109171.91,713.14566
2025-05-26 18:00:00,109171.9,109460.89,109010.97,109101.97,293.71183
2025-05-26 19:00:00,109101.96,109193.66,108858.28,109130.44,334.66026
2025-05-26 20:00:00,109130.44,109624.85,108940.0,109606.5,338.4709
2025-05-26 21:00:00,109606.5,109646.45,109136.36,109346.68,282.33947
2025-05-26 22:00:00,109346.68,109888.89,109173.91,109190.48,390.94918
2025-05-26 23:00:00,109190.47,109466.06,109057.74,109434.79,268.65717
2025-05-27 00:00:00,109434.78,109666.0,109128.72,109136.37,482.27371
2025-05-27 01:00:00,109136.37,109136.37,107516.57,108385.31,2302.30401
2025-05-27 02:00:00,108385.32,108697.94,107894.95,108272.72,818.93423
2025-05-27 03:00:00,108272.73,109298.43,108268.0,108892.16,1100.79535
2025-05-27 04:00:00,108892.15,109355.11,108863.63,108952.65,626.46795
2025-05-27 05:00:00,108952.64,108969.76,108550.0,108923.36,667.51791
2025-05-27 06:00:00,108923.36,109290.03,108826.08,108828.19,1335.64871
2025-05-27 07:00:00,108828.18,109636.37,108828.18,109547.16,710.52493
2025-05-27 08:00:00,109540.0,109777.77,109492.59,109695.65,567.33883
2025-05-27 09:00:00,109695.66,109899.0,109428.98,109830.25,615.70678
2025-05-27 10:00:00,109830.24,109852.0,109639.64,109698.57,253.14136
2025-05-27 11:00:00,109698.57,109783.53,109439.71,109585.49,450.26661
2025-05-27 12:00:00,109585.49,109826.91,109456.5,109603.02,434.51585
2025-05-27 13:00:00,109603.03,110718.0,109581.46,109837.26,2819.7582
2025-05-27 14:00:00,109837.26,110217.4,108670.29,109374.75,2073.92899
2025-05-27 15:00:00,109374.75,110240.83,109010.33,110140.11,1449.68899
2025-05-27 16:00:00,110140.11,110499.64,109956.03,110217.39,868.1346
2025-05-27 17:00:00,110217.4,110454.95,109968.0,110232.46,599.07105
2025-05-27 18:00:00,110232.46,110409.11,109828.92,109890.62,663.24539
2025-05-27 19:00:00,109890.62,110064.71,109574.46,109877.87,493.59702
2025-05-27 20:00:00,109877.87,109897.49,109551.69,109551.69,282.59269
2025-05-27 21:00:00,109551.69,109690.94,108824.85,108918.07,575.42749
2025-05-27 22:00:00,108918.08,109170.49,108600.0,109027.01,695.95406
2025-05-27 23:00:00,109027.0,109159.28,108919.24,108938.17,389.82164
2025-05-28 00:00:00,108938.17,109261.76,108665.18,109205.39,478.61482
2025-05-28 01:00:00,109205.39,109284.7,108624.33,108667.99,432.06306
2025-05-28 02:00:00,108667.99,108869.57,108400.0,108627.42,723.16256
2025-05-28 03:00:00,108627.41,108962.1,108569.09,108863.64,370.01313
2025-05-28 04:00:00,108863.64,109061.6,108624.43,108971.87,383.9071
2025-05-28 05:00:00,108971.87,109089.68,108841.57,109000.0,278.93308
2025-05-28 06:00:00,108999.99,109000.0,108636.36,108727.27,383.05025
2025-05-28 07:00:00,108727.28,109007.71,108720.0,108816.44,345.62936
2025-05-28 08:00:00,108816.44,109130.44,108602.9,109040.45,475.37342
2025-05-28 09:00:00,109040.45,109076.61,108507.23,108789.17,623.66656
2025-05-28 10:00:00,108789.17,108944.22,108258.01,108829.01,542.89413
2025-05-28 11:00:00,108829.0,108950.0,108719.89,108870.38,249.29417
2025-05-28 12:00:00,108870.39,109053.39,108784.27,108891.94,373.67089
2025-05-28 13:00:00,108891.94,108985.05,108010.0,108068.45,1104.53138
2025-05-28 14:00:00,108068.45,108253.03,107466.02,107522.72,2045.96247
2025-05-28 15:00:00,107522.71,107677.28,107045.45,107107.31,2226.89421
2025-05-28 16:00:00,107107.31,107457.59,107107.31,107420.0,629.26184
2025-05-28 17:00:00,107420.0,107832.38,107363.63,107679.01,886.65781
2025-05-28 18:00:00,107679.01,107842.29,107388.0,107476.55,436.1546
2025-05-28 19:00:00,107476.54,107798.14,106938.24,106946.01,805.61276
2025-05-28 20:00:00,106946.0,107403.82,106769.43,107318.18,518.47491
2025-05-28 21:00:00,107318.19,107575.56,107185.9,107495.74,307.12595
2025-05-28 22:00:00,107495.74,107495.74,107150.0,107400.73,296.55247
2025-05-28 23:00:00,107400.73,108043.95,107400.73,107781.78,716.28736
2025-05-29 00:00:00,107781.78,108297.87,107421.12,108285.32,732.1461
2025-05-29 01:00:00,108285.31,108347.78,107812.85,108156.23,977.95629
2025-05-29 02:00:00,108156.23,108484.61,107931.15,108426.94,690.46291
2025-05-29 03:00:00,108426.93,108430.76,107955.47,108044.88,611.48079
2025-05-29 04:00:00,108044.87,108106.94,106948.01,107564.44,1149.18527
2025-05-29 05:00:00,107564.44,107765.95,107492.36,107681.81,384.95323
2025-05-29 06:00:00,107681.81,107945.47,107643.18,107915.46,332.12973
2025-05-29 07:00:00,107915.46,108012.79,107752.54,107880.72,420.81581
2025-05-29 08:00:00,107880.73,108553.62,107681.81,108492.49,723.1397
2025-05-29 09:00:00,108492.5,108637.01,108320.0,108520.01,551.68067
2025-05-29 10:00:00,108520.01,108857.15,108381.76,108746.01,766.2731
2025-05-29 11:00:00,108746.01,108891.91,108666.09,108779.84,484.21621
2025-05-29 12:00:00,108779.83,108797.25,108375.71,108434.78,635.2207
2025-05-29 13:00:00,108434.78,108590.88,107430.56,107601.08,1476.99596
2025-05-29 14:00:00,107601.08,107835.33,106474.0,107622.54,2202.01745
2025-05-29 15:00:00,107622.53,107737.7,106955.91,107019.89,856.64056
2025-05-29 16:00:00,107019.9,107168.23,106570.99,106724.42,1143.70436
2025-05-29 17:00:00,106724.42,106889.39,106117.51,106303.6,1344.30205
2025-05-29 18:00:00,106303.6,106617.77,105804.87,105837.13,1056.11722
2025-05-29 19:00:00,105837.14,106090.45,105639.3,105731.74,1138.17489
2025-05-29 20:00:00,105731.74,106221.91,105729.02,106180.0,588.90778
2025-05-29 21:00:00,106180.0,106470.69,106099.41,106443.01,323.40615
2025-05-29 22:00:00,106443.02,106460.0,105906.65,105929.07,391.58161
2025-05-29 23:00:00,105929.08,106078.47,105322.86,105589.75,853.19262
2025-05-30 00:00:00,105589.75,106214.93,104600.5,104939.99,1835.85842
2025-05-30 01:00:00,104940.0,105925.92,104940.0,105666.66,1178.59954
2025-05-30 02:00:00,105666.67,106172.3,105650.0,106000.0,767.82001
2025-05-30 03:00:00,106000.01,106193.58,105913.35,106024.33,608.67187
2025-05-30 04:00:00,106024.33,106136.0,105904.76,106112.08,577.59911
2025-05-30 05:00:00,106112.08,106313.12,106018.79,106083.42,420.63382
2025-05-30 06:00:00,106083.43,106135.17,105535.07,105711.77,1083.16822
2025-05-30 07:00:00,105711.77,105850.0,104727.72,105028.02,2105.75378
2025-05-30 08:00:00,105028.03,105367.31,104841.42,105177.33,915.44822
2025-05-30 09:00:00,105177.34,105666.67,104606.01,105623.04,1181.32648
2025-05-30 10:00:00,105623.04,105938.44,105285.71,105925.06,845.87516
2025-05-30 11:00:00,105925.05,105981.75,105700.0,105880.51,520.93192
2025-05-30 12:00:00,105880.5,106000.0,105153.84,105684.96,1168.81206
2025-05-30 13:00:00,105684.95,105979.35,105366.14,105495.59,956.14556
2025-05-30 14:00:00,105495.6,105837.57,105047.61,105346.33,1209.39338
2025-05-30 15:00:00,105346.34,105831.0,105291.12,105543.0,842.00636
2025-05-30 16:00:00,105543.0,105560.98,103706.71,103898.75,2576.2408
2025-05-30 17:00:00,103898.75,104292.69,103836.03,104183.15,1096.10894
2025-05-30 18:00:00,104183.15,104914.02,104065.08,104891.99,839.08091
2025-05-30 19:00:00,104891.98,104988.97,104484.86,104640.5,691.96122
2025-05-30 20:00:00,104640.49,104846.13,104398.93,104580.0,400.3719
2025-05-30 21:00:00,104579.99,104878.05,104553.7,104631.59,288.73316
2025-05-30 22:00:00,104631.6,104804.32,103966.32,103966.33,658.81848
2025-05-30 23:00:00,103966.32,104260.0,103621.0,103985.48,937.13867
2025-05-31 00:00:00,103985.47,104292.69,103550.0,103957.33,931.10451
2025-05-31 01:00:00,103957.33,104195.13,103269.87,103476.61,1041.88047
2025-05-31 02:00:00,103476.6,103852.18,103102.59,103189.83,624.53338
2025-05-31 03:00:00,103189.83,103692.3,103068.55,103684.01,648.80769
2025-05-31 04:00:00,103684.0,103820.68,103487.99,103812.0,362.42657
2025-05-31 05:00:00,103812.0,103911.1,103519.74,103538.94,459.85245
2025-05-31 06:00:00,103538.93,103903.54,103530.64,103862.52,275.22705
2025-05-31 07:00:00,103862.52,103862.52,103633.35,103747.02,327.26511
2025-05-31 08:00:00,103747.03,103809.51,103513.84,103648.32,300.058
2025-05-31 09:00:00,103648.32,103737.49,103482.55,103538.01,296.10498
2025-05-31 10:00:00,103538.02,103599.36,103285.71,103410.0,386.05919
2025-05-31 11:00:00,103410.01,103523.81,103311.32,103498.18,479.80598
2025-05-31 12:00:00,103498.17,104033.96,103480.11,104033.96,728.70156
2025-05-31 13:00:00,104033.95,104200.0,103978.0,104117.3,624.03528
2025-05-31 14:00:00,104117.31,104583.48,104117.3,104573.92,795.27913
2025-05-31 15:00:00,104573.91,104846.15,104443.39,104556.08,714.30044
2025-05-31 16:00:00,104556.08,104780.49,104400.0,104490.57,495.10689
2025-05-31 17:00:00,104490.56,104619.05,104261.39,104349.06,343.45658
2025-05-31 18:00:00,104349.06,104619.05,104349.05,104487.81,165.7009
2025-05-31 19:00:00,104487.81,104750.0,104487.8,104698.02,233.47406
2025-05-31 20:00:00,104698.03,104807.94,104533.54,104781.83,150.05341
2025-05-31 21:00:00,104781.84,104884.16,104645.73,104863.16,317.26216
2025-05-31 22:00:00,104863.16,104900.0,104603.08,104625.8,228.10691
2025-05-31 23:00:00,104625.79,104840.0,104473.2,104591.88,360.75652
2025-06-01 00:00:00,104591.88,104647.11,104320.02,104446.49,293.78295
2025-06-01 01:00:00,104446.49,104505.58,103991.37,104126.07,466.13267
2025-06-01 02:00:00,104126.08,104324.21,103924.52,104195.12,313.34738
2025-06-01 03:00:00,104195.13,104464.1,103971.7,104381.03,259.25466
2025-06-01 04:00:00,104381.03,104729.99,104360.9,104633.16,272.61866
2025-06-01 05:00:00,104633.16,104714.29,104450.0,104536.57,214.06083
2025-06-01 06:00:00,104536.57,104536.58,104195.12,104258.93,257.26107
2025-06-01 07:00:00,104258.93,104370.38,104202.48,104275.95,191.3218
2025-06-01 08:00:00,104275.95,104386.6,104220.7,104386.6,247.34836
2025-06-01 09:00:00,104386.6,104459.07,103752.49,103934.34,679.61906
2025-06-01 10:00:00,103934.35,104040.52,103773.69,103930.99,302.13053
2025-06-01 11:00:00,103930.98,104152.24,103845.46,104082.68,286.47453
2025-06-01 12:00:00,104082.67,104190.48,103783.01,103956.26,354.08075
2025-06-01 13:00:00,103956.25,104424.64,103951.61,104259.2,323.14616
2025-06-01 14:00:00,104259.19,104773.59,104259.19,104599.7,782.69419
2025-06-01 15:00:00,104599.7,104809.53,104502.99,104715.1,409.06118
2025-06-01 16:00:00,104715.1,105299.21,104659.47,105038.8,1174.8504
2025-06-01 17:00:00,105038.8,105192.99,104986.2,105066.33,319.00519
2025-06-01 18:00:00,105066.34,105066.34,104319.79,104900.01,575.5374
2025-06-01 19:00:00,104900.01,105156.73,104805.44,105121.94,361.59685
2025-06-01 20:00:00,105121.95,105300.0,104893.72,104948.91,324.69341
2025-06-01 21:00:00,104948.91,105504.67,104926.82,105496.54,414.58616
2025-06-01 22:00:00,105496.54,105737.84,105414.63,105512.18,474.08063
2025-06-01 23:00:00,105512.17,105866.91,105466.39,105642.93,413.01524
2025-06-02 00:00:00,105642.93,105735.42,105404.31,105427.48,432.43804
2025-06-02 01:00:00,105427.48,105658.38,105349.63,105388.59,368.13444
2025-06-02 02:00:00,105388.58,105414.64,105019.05,105026.98,500.23301
2025-06-02 03:00:00,105026.97,105055.1,104571.42,104829.27,586.76964
2025-06-02 04:00:00,104829.27,104997.06,104700.03,104765.48,262.60797
2025-06-02 05:00:00,104765.48,104918.04,104610.13,104833.79,244.85997
2025-06-02 06:00:00,104833.79,105266.87,104732.38,105162.38,470.58034
2025-06-02 07:00:00,105162.39,105438.87,105162.38,105387.67,346.57956
2025-06-02 08:00:00,105387.67,105935.63,105241.18,105328.43,705.16393
2025-06-02 09:00:00,105328.43,105335.99,104483.64,104585.36,998.9363
2025-06-02 10:00:00,104585.37,104660.0,104254.71,104370.85,704.18464
2025-06-02 11:00:00,104370.85,104487.82,103941.0,104047.64,725.6249
2025-06-02 12:00:00,104047.63,104281.98,103862.5,104200.32,696.19227
2025-06-02 13:00:00,104200.32,104570.57,103700.0,103800.0,1053.66155
2025-06-02 14:00:00,103799.99,104679.25,103659.88,104176.62,1127.64518
2025-06-02 15:00:00,104176.61,104565.32,103905.1,104438.79,580.0461
2025-06-02 16:00:00,104438.79,104450.01,104030.01,104286.06,501.02384
2025-06-02 17:00:00,104286.06,104490.57,104095.23,104399.89,372.61381
2025-06-02 18:00:00,104399.89,104731.95,104200.0,104361.54,367.55001
2025-06-02 19:00:00,104361.54,104510.96,104050.96,104425.63,339.8615
2025-06-02 20:00:00,104425.64,104995.93,104425.64,104878.62,440.97656
2025-06-02 21:00:00,104878.61,105096.66,104575.37,104942.0,303.58011
2025-06-02 22:00:00,104941.99,105800.0,104941.99,105695.49,784.02023
2025-06-02 23:00:00,105695.5,105931.44,105575.47,105857.99,540.70423
2025-06-03 00:00:00,105858.0,106400.0,105747.14,106285.72,752.61041
2025-06-03 01:00:00,106285.72,106488.0,106110.53,106481.75,485.1048
2025-06-03 02:00:00,106481.76,106500.0,105577.36,105612.46,691.63486
2025-06-03 03:00:00,105612.47,105712.72,105340.18,105482.02,441.33737
2025-06-03 04:00:00,105482.03,105513.02,105116.2,105166.92,433.84543
2025-06-03 05:00:00,105166.93,105472.1,105166.92,105452.08,465.42429
2025-06-03 06:00:00,105452.09,105463.19,105218.0,105429.67,497.04209
2025-06-03 07:00:00,105429.67,105438.02,105161.84,105170.75,412.13809
2025-06-03 08:00:00,105170.76,105245.29,104872.5,105094.93,579.75676
2025-06-03 09:00:00,105094.93,105284.74,105067.74,105198.11,353.4813
2025-06-03 10:00:00,105198.12,105343.01,105146.99,105280.99,376.17348
2025-06-03 11:00:00,105281.0,105349.94,105173.87,105287.24,272.00092
2025-06-03 12:00:00,105287.24,105425.38,105224.25,105307.94,404.97079
2025-06-03 13:00:00,105307.94,105666.67,105031.6,105421.55,737.70303
2025-06-03 14:00:00,105421.54,106692.43,105150.94,106550.01,1681.31099
2025-06-03 15:00:00,106550.01,106794.67,106333.33,106610.66,1120.18715
2025-06-03 16:00:00,106610.66,106666.67,105800.0,105817.63,798.97951
2025-06-03 17:00:00,105817.63,106142.86,105758.25,105943.98,392.12835
2025-06-03 18:00:00,105943.99,106047.62,105592.17,106013.15,412.4498
2025-06-03 19:00:00,106013.15,106428.58,106013.15,106238.81,403.87736
2025-06-03 20:00:00,106238.81,106254.92,105353.5,105738.69,512.78907
2025-06-03 21:00:00,105738.7,105847.71,105274.95,105367.93,366.43282
2025-06-03 22:00:00,105367.92,105902.93,105308.0,105743.74,299.07218
2025-06-03 23:00:00,105743.74,105743.74,105266.02,105376.89,369.07549
2025-06-04 00:00:00,105376.9,105524.96,105132.27,105476.2,493.99756
2025-06-04 01:00:00,105476.2,105740.0,105422.59,105592.9,442.93676
2025-06-04 02:00:00,105592.9,105839.63,105415.09,105476.22,250.94227
2025-06-04 03:00:00,105476.22,105745.29,105444.32,105519.27,280.68523
2025-06-04 04:00:00,105519.26,105611.96,105404.25,105407.05,264.21374
2025-06-04 05:00:00,105407.06,105549.03,105340.66,105354.14,1117.59375
2025-06-04 06:00:00,105354.14,105436.64,105250.0,105301.02,613.5989
2025-06-04 07:00:00,105301.03,105469.0,105264.23,105320.75,247.91386
2025-06-04 08:00:00,105320.75,105585.45,105320.75,105435.93,351.33591
2025-06-04 09:00:00,105435.93,105919.26,105329.54,105825.31,986.00175
2025-06-04 10:00:00,105825.31,106000.0,105650.96,105705.13,390.95549
2025-06-04 11:00:00,105705.13,105820.04,105080.26,105084.36,2112.4711
2025-06-04 12:00:00,105084.36,105157.27,104794.5,105039.19,887.65828
2025-06-04 13:00:00,105039.2,105272.3,104720.0,104761.17,633.64563
2025-06-04 14:00:00,104761.17,105045.79,104179.0,105033.3,1446.2321
2025-06-04 15:00:00,105033.3,105542.0,104928.65,105298.27,938.94287
2025-06-04 16:00:00,105298.26,105464.85,105094.0,105445.89,468.85884
2025-06-04 17:00:00,105445.9,105483.14,104963.64,105051.1,399.33188
2025-06-04 18:00:00,105051.11,105300.0,104920.01,104951.54,301.21483
2025-06-04 19:00:00,104951.54,105079.99,104865.25,104913.52,282.68857
2025-06-04 20:00:00,104913.52,104959.64,104407.16,104609.87,484.36457
2025-06-04 21:00:00,104609.88,105045.79,104549.83,104930.61,304.21199
2025-06-04 22:00:00,104930.61,105034.91,104744.18,104775.36,158.79559
2025-06-04 23:00:00,104775.37,104864.5,104625.15,104696.86,176.30335
2025-06-05 00:00:00,104696.86,104976.75,104651.16,104976.74,242.65293
2025-06-05 01:00:00,104976.75,105155.55,104697.84,104774.92,288.56241
2025-06-05 02:00:00,104774.92,105240.84,104774.92,104989.48,396.55703
2025-06-05 03:00:00,104989.48,105064.95,104880.2,105047.15,198.77038
2025-06-05 04:00:00,105047.15,105226.14,105032.95,105173.71,182.6561
2025-06-05 05:00:00,105173.72,105189.22,104570.43,104649.23,673.16476
2025-06-05 06:00:00,104649.22,104696.73,104380.0,104452.93,416.36718
2025-06-05 07:00:00,104452.94,104636.46,104424.52,104518.05,321.50806
2025-06-05 08:00:00,104518.05,104681.28,104424.52,104675.36,277.44002
2025-06-05 09:00:00,104675.36,104830.85,104675.35,104815.08,219.21019
